INSERT INTO `SEGMENT` (`ID`, `segment_name`, `segment_value`, `segment_description`) VALUES (1, 'region', 'west', 'Sed ut placeat autem et. Omnis sed velit aut explicabo. Consequatur sit ipsa repellendus id id.');
INSERT INTO `SEGMENT` (`ID`, `segment_name`, `segment_value`, `segment_description`) VALUES (2, 'region', 'east', 'Ex exercitationem possimus delectus vero voluptates. Dolorem culpa qui rem perferendis atque. Aliquam beatae sunt aut sunt vel neque.');
INSERT INTO `SEGMENT` (`ID`, `segment_name`, `segment_value`, `segment_description`) VALUES (3, 'join_date', '2019', 'Temporibus dolorem consequuntur odit officiis nulla neque. Quia quidem exercitationem ipsum totam sint qui unde. Tempore ut non at est beatae. Occaecati eius sunt tempora numquam.');
INSERT INTO `SEGMENT` (`ID`, `segment_name`, `segment_value`, `segment_description`) VALUES (4, 'join_date', '2020', 'Eaque praesentium quisquam aperiam. Optio fuga voluptas modi exercitationem quas cupiditate unde rerum. Voluptatum facilis iure quia cumque.');
INSERT INTO `USER` (`ID`, `email`) VALUES (1, 'huels.christelle@example.org');
INSERT INTO `USER` (`ID`, `email`) VALUES (2, 'greenfelder.ciara@example.org');
INSERT INTO `USER` (`ID`, `email`) VALUES (3, 'beaulah.feest@example.net');
INSERT INTO `USER` (`ID`, `email`) VALUES (4, 'judge.connelly@example.net');
INSERT INTO `USER` (`ID`, `email`) VALUES (5, 'yasmin.morissette@example.com');
INSERT INTO `USER` (`ID`, `email`) VALUES (6, 'ltorp@example.net');
INSERT INTO `USER` (`ID`, `email`) VALUES (7, 'betty.jenkins@example.org');
INSERT INTO `USER` (`ID`, `email`) VALUES (8, 'xander.dickinson@example.com');
INSERT INTO `USER` (`ID`, `email`) VALUES (9, 'lesley78@example.org');
INSERT INTO `USER` (`ID`, `email`) VALUES (10, 'lisandro.hickle@example.com');
INSERT INTO `USER` (`ID`, `email`) VALUES (11, 'josie.rempel@example.org');
INSERT INTO `USER` (`ID`, `email`) VALUES (12, 'xhamill@example.org');
INSERT INTO `USER` (`ID`, `email`) VALUES (13, 'hayes.claudia@example.com');
INSERT INTO `USER` (`ID`, `email`) VALUES (14, 'arturo35@example.net');
INSERT INTO `USER` (`ID`, `email`) VALUES (15, 'xpacocha@example.net');
INSERT INTO `USER` (`ID`, `email`) VALUES (16, 'meagan.medhurst@example.net');
INSERT INTO `USER` (`ID`, `email`) VALUES (17, 'emmie.lockman@example.net');
INSERT INTO `USER` (`ID`, `email`) VALUES (18, 'priscilla.weber@example.org');
INSERT INTO `USER` (`ID`, `email`) VALUES (19, 'lindgren.gavin@example.com');
INSERT INTO `USER` (`ID`, `email`) VALUES (20, 'madalyn.lakin@example.net');
INSERT INTO `USER_SEGMENT` (`ID`, `user_id`, `segment_id`) VALUES (1, 1, 1);
INSERT INTO `USER_SEGMENT` (`ID`, `user_id`, `segment_id`) VALUES (2, 1, 4);
INSERT INTO `USER_SEGMENT` (`ID`, `user_id`, `segment_id`) VALUES (3, 2, 2);
INSERT INTO `USER_SEGMENT` (`ID`, `user_id`, `segment_id`) VALUES (4, 2, 3);
INSERT INTO `USER_SEGMENT` (`ID`, `user_id`, `segment_id`) VALUES (5, 2, 1);
INSERT INTO `USER_SEGMENT` (`ID`, `user_id`, `segment_id`) VALUES (6, 3, 2);
INSERT INTO `USER_SEGMENT` (`ID`, `user_id`, `segment_id`) VALUES (7, 3, 3);
INSERT INTO `USER_SEGMENT` (`ID`, `user_id`, `segment_id`) VALUES (8, 4, 1;
INSERT INTO `USER_SEGMENT` (`ID`, `user_id`, `segment_id`) VALUES (9, 5, 1);
INSERT INTO `USER_SEGMENT` (`ID`, `user_id`, `segment_id`) VALUES (10, 5, 2);
INSERT INTO `USER_SEGMENT` (`ID`, `user_id`, `segment_id`) VALUES (11, 5, 2);
INSERT INTO `USER_SEGMENT` (`ID`, `user_id`, `segment_id`) VALUES (12, 6, 3);
INSERT INTO `USER_SEGMENT` (`ID`, `user_id`, `segment_id`) VALUES (13, 6, 1);
INSERT INTO `USER_SEGMENT` (`ID`, `user_id`, `segment_id`) VALUES (14, 6, 4);
INSERT INTO `USER_SEGMENT` (`ID`, `user_id`, `segment_id`) VALUES (15, 6, 3);
INSERT INTO `USER_SEGMENT` (`ID`, `user_id`, `segment_id`) VALUES (16, 7, 2);
INSERT INTO `USER_SEGMENT` (`ID`, `user_id`, `segment_id`) VALUES (17, 17, 1);
INSERT INTO `USER_SEGMENT` (`ID`, `user_id`, `segment_id`) VALUES (18, 7, 2);
INSERT INTO `USER_SEGMENT` (`ID`, `user_id`, `segment_id`) VALUES (19, 7, 2);
INSERT INTO `USER_SEGMENT` (`ID`, `user_id`, `segment_id`) VALUES (20, 8, 2);
INSERT INTO `USER_SEGMENT` (`ID`, `user_id`, `segment_id`) VALUES (21, 1, 1);
INSERT INTO `USER_SEGMENT` (`ID`, `user_id`, `segment_id`) VALUES (22, 1, 1);
INSERT INTO `USER_SEGMENT` (`ID`, `user_id`, `segment_id`) VALUES (23, 2, 4);
INSERT INTO `USER_SEGMENT` (`ID`, `user_id`, `segment_id`) VALUES (24, 2, 4);
INSERT INTO `USER_SEGMENT` (`ID`, `user_id`, `segment_id`) VALUES (25, 2, 1);
INSERT INTO `USER_SEGMENT` (`ID`, `user_id`, `segment_id`) VALUES (26, 3, 4);
INSERT INTO `USER_SEGMENT` (`ID`, `user_id`, `segment_id`) VALUES (27, 3, 4);
INSERT INTO `USER_SEGMENT` (`ID`, `user_id`, `segment_id`) VALUES (28, 4, 7);
INSERT INTO `USER_SEGMENT` (`ID`, `user_id`, `segment_id`) VALUES (29, 5, 3);
INSERT INTO `USER_SEGMENT` (`ID`, `user_id`, `segment_id`) VALUES (30, 5, 3);
